{
  "name": "fake-news-classifier-v1",
  "version": "1.0.0",
  "createdAt": "2026-03-12T15:57:59.177Z",
  "datasetStats": {
    "total": 1000,
    "train": 800,
    "test": 200,
    "byLabel": {
      "fake": 290,
      "misleading": 348,
      "real": 362
    }
  },
  "metrics": {
    "accuracy": 35,
    "precision": {
      "real": 100,
      "fake": 34.84848484848485,
      "misleading": 0
    },
    "recall": {
      "real": 1.4084507042253522,
      "fake": 98.57142857142858,
      "misleading": 0
    },
    "f1Score": {
      "real": 2.777777777777778,
      "fake": 51.49253731343283,
      "misleading": 0
    }
  },
  "featureWeights": {
    "word_his": 8.868893057802776,
    "word_that": -8.812903714940736,
    "word_last": -8.405796247365867,
    "word_since": -6.949233056695598,
    "word_people": -6.237097254618116,
    "word_one": 5.783681542419338,
    "exclamation_count": 5.421901122341748,
    "word_has": -5.402953640807997,
    "word_american": -5.257366327634909,
    "word_tax": -5.113755108832145,
    "word_businesses": -5.0953743630535016,
    "word_percent": -4.776917878298996,
    "word_months": -4.31447377783226,
    "word_from": -4.1106015873308195,
    "word_had": -4.072774966811097,
    "word_than": -4.000022229267452,
    "word_million": -3.9005582969808517,
    "word_state": -3.850913485705675,
    "word_will": 3.844182568494468,
    "word_get": 3.7927603225500937,
    "word_texas": -3.6582745264038072,
    "word_some": -3.57896686900341,
    "word_into": 3.574345718048016,
    "word_are": -3.552644449020277,
    "word_more": -3.4854537542221684,
    "word_out": 3.449482379789845,
    "word_over": -3.419423555237994,
    "word_states": -3.4063998784674387,
    "word_said": 3.383489198801655,
    "word_obamacare": 3.3539112611265516,
    "word_trump": -3.3502063673100855,
    "word_helped": -3.242913129903153,
    "word_saying": 3.207707740928609,
    "word_budget": -3.2049993371901153,
    "word_violence": -3.184388107547153,
    "word_economy": -3.142002037039454,
    "word_vote": -3.0938988527104914,
    "word_highest": -3.0565202029135903,
    "word_would": -3.023329011536525,
    "word_raise": -3.001212482388745,
    "word_general": -2.9900495645431575,
    "word_can": -2.9720012891193397,
    "word_going": 2.932266402823648,
    "word_increased": -2.883401988287943,
    "word_000": -2.8634918798664093,
    "word_sure": 2.8104273045269665,
    "word_house": 2.8067470295175267,
    "word_lost": -2.7635186365997995,
    "word_years": -2.7364546378459864,
    "word_iran": -2.7130445703490387,
    "word_back": -2.690824667554773,
    "word_governor": -2.6752648927099165,
    "word_health": 2.6588812352248308,
    "word_mccain": -2.645327683115809,
    "word_during": -2.6325016800752477,
    "word_about": 2.6165655728794173,
    "word_they": -2.613444123192902,
    "word_water": -2.609825198334744,
    "word_line": -2.5815668335142825,
    "word_senator": -2.5360901626278824,
    "word_supported": -2.5314254895272734,
    "word_agreement": 2.505566984214017,
    "word_class": 2.5007954796289713,
    "word_offered": -2.4989305953143615,
    "word_died": -2.4595485707016413,
    "word_six": -2.4506102657834106,
    "word_spending": -2.425635213090484,
    "word_believe": 2.4250606035332853,
    "word_country": 2.419191405865138,
    "word_retirement": 2.410936177205067,
    "word_personal": 2.4012395617482807,
    "word_votes": 2.396557886930174,
    "word_presidents": -2.37252847111706,
    "word_ryan": -2.344733022214629,
    "word_bain": -2.3311347310364794,
    "word_running": -2.3284000873351003,
    "word_says": -2.3273721077788547,
    "word_hour": -2.324348193843141,
    "word_their": -2.3152436907344622,
    "word_legislation": 2.3053866779082113,
    "word_countries": 2.3021702519740184,
    "word_capital": -2.301400411852265,
    "word_local": 2.3003971738740687,
    "word_marijuana": -2.3002218404547703,
    "word_entire": 2.299257541779622,
    "word_veterans": -2.2912506719682124,
    "word_muslim": 2.2893860672740813,
    "word_debt": -2.2816405241760616,
    "word_attended": 2.2814487225619793,
    "word_scott": 2.2810923699796506,
    "word_your": 2.2693975185791753,
    "word_across": -2.2627151444362723,
    "word_campaigns": 2.246546523642817,
    "word_affordable": 2.2052660213988178,
    "word_when": 2.2030441385476207,
    "word_billion": -2.197974323084712,
    "word_only": -2.149869178922332,
    "word_ohio": 2.1456652859381533,
    "word_jersey": -2.13595490021193,
    "word_senate": -2.1285114408357315
  }
}