{
  "name": "fake-news-classifier-v1",
  "version": "1.0.0",
  "createdAt": "2026-03-12T15:59:54.224Z",
  "datasetStats": {
    "total": 36032,
    "train": 28825,
    "test": 7207,
    "byLabel": {
      "fake": 9316,
      "misleading": 4746,
      "real": 21970
    }
  },
  "metrics": {
    "accuracy": 52.04662134036353,
    "precision": {
      "real": 92.13241616509028,
      "fake": 33.92023759015698,
      "misleading": 5.389221556886228
    },
    "recall": {
      "real": 47.64339706536238,
      "fake": 89.57983193277312,
      "misleading": 0.974025974025974
    },
    "f1Score": {
      "real": 62.80773739742087,
      "fake": 49.20757039544546,
      "misleading": 1.6498625114573784
    }
  },
  "featureWeights": {
    "word_season": -26.551960760627498,
    "word_bachelor": -23.134068263360856,
    "word_report": 22.899882225115338,
    "word_brad": 22.60461771598176,
    "word_caitlyn": 21.64810735458687,
    "word_shelton": 19.847578080600954,
    "word_awards": -19.844538373914272,
    "word_pitt": 19.27982517004747,
    "word_kanye": 18.295787177780998,
    "word_reveals": -18.114657625675388,
    "word_holmes": 18.068484045923906,
    "word_pattinson": 17.923088994579054,
    "word_reportedly": 17.89769215772658,
    "word_exclusive": 17.811805135180656,
    "word_star": -17.160652504432548,
    "word_stefani": 17.09834550987224,
    "word_bachelorette": -17.048558958658305,
    "word_rihanna": 16.939226032907772,
    "word_angelina": 16.706884742549654,
    "word_breaking": 16.39502277504995,
    "word_gwen": 16.134391252054918,
    "word_wisconsin": 16.130884781843726,
    "word_obamacare": 16.109476767182834,
    "word_celebrities": 15.920733967357831,
    "word_beyonce": 15.822562786747415,
    "word_fake": 15.771668216315117,
    "word_jolie": 15.68088730246815,
    "word_react": 15.564028943143441,
    "word_trump": 15.26436314424133,
    "word_watch": -15.233194490567845,
    "word_obama": 14.929414161819407,
    "word_government": 14.811077293306822,
    "word_obamas": 14.399364409266733,
    "word_despite": 14.234044591623759,
    "word_cast": -14.124175813011536,
    "word_2018": -14.07748862733816,
    "word_affleck": 14.071400322346182,
    "word_cruise": 13.948359049083777,
    "word_them": 13.924571860735536,
    "word_jennifer": 13.816539369203493,
    "word_jenner": 13.790664040615418,
    "word_stars": -13.49599698317789,
    "word_bieber": 13.331742051393366,
    "word_son": -13.253346277115527,
    "word_paradise": -13.060880235719923,
    "word_kidman": 12.940155853224743,
    "word_voted": 12.922378485431148,
    "word_portia": 12.916342999999427,
    "question_count": 12.89351984732148,
    "word_daughter": -12.888715240909354,
    "word_total": -12.732729600711151,
    "word_birthday": -12.705104110624703,
    "word_blake": 12.67505466591423,
    "word_gov": 12.58506932712568,
    "word_stimulus": 12.532641583822052,
    "word_stewart": 12.448459859604203,
    "word_style": -12.446018109263271,
    "word_robert": 12.439529342675018,
    "word_chrissy": -12.349866948326762,
    "word_katie": 12.349547440185148,
    "word_gomez": 12.312366527271765,
    "word_aniston": 12.255394103803194,
    "word_rep": 12.244902140732638,
    "word_dont": 11.919678841192342,
    "word_beauty": -11.867871827043663,
    "word_three": -11.842131532611972,
    "word_shares": -11.805369946739464,
    "word_trillion": -11.435888969785944,
    "word_begging": 11.231740248098939,
    "word_planning": 11.231546249813835,
    "word_james": -11.2289474301628,
    "word_hollywoodlife": 11.135746304946952,
    "word_mariah": 11.058513205296565,
    "word_major": -11.006260408108501,
    "word_moments": -10.938955593710954,
    "word_george": 10.90847861069278,
    "word_campaign": 10.870361423076984,
    "word_white": 10.769471969706094,
    "word_sexual": -10.738122067249094,
    "word_rossi": 10.711060634343402,
    "word_illegal": 10.658693149180664,
    "word_celebrates": -10.656643940773398,
    "word_jimmy": -10.644765780139481,
    "word_best": -10.620542135813634,
    "word_sweet": -10.517534041396098,
    "word_isis": 10.470503338425948,
    "word_justin": 10.397310259702676,
    "word_red": -10.390514630508434,
    "word_transcript": -10.313424075902219,
    "word_series": -10.30262884754437,
    "word_simpson": 10.249434801929828,
    "word_2016": 10.237637800873333,
    "word_trailer": -10.221829792101774,
    "word_breaks": -10.182917204047705,
    "word_fallon": -10.16035375643738,
    "word_marries": -10.137167836321447,
    "word_actually": -10.115590509018718,
    "word_care": 10.113484390019552,
    "word_riverdale": -10.067111784391356,
    "word_plans": 10.051020425781804
  }
}